--DROP SCHEMA public CASCADE;
--CREATE SCHEMA public;

INSERT INTO artist (id,"name")
VALUES
    (1,'Seeed'),
    (2, 'Bruno Mars'),
    (3, 'Alexander Marcus'),
    (4, 'Michael Jackson'),
    (5, 'The Beatles');

INSERT INTO song (id, title, releaseDate, genre)
VALUES
    (1,'Beautiful',to_date('2012-09-28','YYYY-MM-DD'), 'dancehall, reggae'),
    (2,'Deine Zeit',to_date('2012-09-28','YYYY-MM-DD'), 'dancehall, reggae'),
    (3,'Feel for You',to_date('2012-09-28','YYYY-MM-DD'), 'dancehall, reggae'),
    (4,'Augenbling',to_date('2012-09-28','YYYY-MM-DD'), 'dancehall, reggae'),
    (5,'You & I',to_date('2012-09-28','YYYY-MM-DD'), 'dancehall, reggae'),
    (6,'Waste my Time',to_date('2012-09-28','YYYY-MM-DD'), 'dancehall, reggae'),
    (7,'Seeds Haus',to_date('2012-09-28','YYYY-MM-DD'), 'dancehall, reggae'),
    (8,'Elephants',to_date('2012-09-28','YYYY-MM-DD'), 'dancehall, reggae'),
    (9,'Lovelee',to_date('2012-09-28','YYYY-MM-DD'), 'dancehall, reggae'),
    (10,'Wonderful Life',to_date('2011-11-25','YYYY-MM-DD'), 'dancehall, reggae'),
    (11,'Molotov',to_date('2012-09-28','YYYY-MM-DD'), 'dancehall, reggae'),
    (12,'Beautiful (Reprise)',to_date('2012-09-28','YYYY-MM-DD'), 'dancehall, reggae'),
    (14,'Ticket',to_date('2019-04-12','YYYY-MM-DD'), 'dancehall, reggae'),
    (15,'Lass sie gehn', to_date('2019-10-25','YYYY-MM-DD'), 'dancehall, reggae'),
    (16,'G€LD', to_date('2019-10-25','YYYY-MM-DD'), 'dancehall, reggae'),
    (17,'Immer bei Dir', to_date('2019-10-25','YYYY-MM-DD'), 'dancehall, reggae'),
    (18,'Lass das Licht an', to_date('2019-10-25','YYYY-MM-DD'), 'dancehall, reggae'),
    (19,'Sie is geladen', to_date('2019-10-25','YYYY-MM-DD'), 'dancehall, reggae'),
    (20,'Love & Courvoisier', to_date('2019-10-25','YYYY-MM-DD'), 'dancehall, reggae'),
    (21,'Komm in mein Haus', to_date('2019-10-25','YYYY-MM-DD'), 'dancehall, reggae'),
    (22,'Psycho Piano Interlude', to_date('2019-10-25','YYYY-MM-DD'), 'dancehall, reggae'),
    (23,'No More Drama (Alles Pech verbraucht)', to_date('2019-10-25','YYYY-MM-DD'), 'dancehall, reggae'),
    (24,'What a Day', to_date('2019-10-25','YYYY-MM-DD'), 'dancehall, reggae'),
    (26,'24K Magic', to_date('2016-10-07','YYYY-MM-DD'), 'pop, r&b'),
    (27,'Chunky', to_date('2016-11-18','YYYY-MM-DD'), 'r&b'),
    (28,'Perm', to_date('2016-11-18','YYYY-MM-DD'), 'r&b'),
    (29,'That´s What I like', to_date('2016-11-18','YYYY-MM-DD'), 'pop, r&b'),
    (30,'Versace on the Floor', to_date('2016-11-04','YYYY-MM-DD'), 'pop, r&b'),
    (31,'Straight Up & Down', to_date('2016-11-18','YYYY-MM-DD'), 'r&b'),
    (32,'Calling All My Lovelies', to_date('2016-11-18','YYYY-MM-DD'), 'r&b'),
    (33,'Finesse', to_date('2016-11-18','YYYY-MM-DD'), 'electronic, r&b'),
    (34,'Too Good to Say Goodbye', to_date('2016-11-18','YYYY-MM-DD'), 'r&b'),
    (36,'Spiel, Satz und Sieg', to_date('2008-06-06','YYYY-MM-DD'), 'electronic, house, schlager'),
    (37,'Toni der Rodelkönig', to_date('2008-06-06','YYYY-MM-DD'), 'electronic, house, schlager'),
    (38,'Guten Morgen', to_date('2008-06-06','YYYY-MM-DD'), 'electronic, house, schlager'),
    (39,'Das sind meine Freunde', to_date('2008-06-06','YYYY-MM-DD'), 'electronic, house, schlager'),
    (40,'Sei kein Frosch', to_date('2008-06-06','YYYY-MM-DD'), 'electronic, house, schlager'),
    (41,'Brüderchen', to_date('2008-06-06','YYYY-MM-DD'), 'electronic, house, schlager'),
    (42,'1,2,3', to_date('2008-06-06','YYYY-MM-DD'), 'electronic, house, schlager'),
    (43,'Papaya', to_date('2008-06-06','YYYY-MM-DD'), 'electronic, house, schlager'),
    (44,'Alles Gute', to_date('2008-06-06','YYYY-MM-DD'), 'electronic, house, schlager'),
    (45,'Daheim', to_date('2008-06-06','YYYY-MM-DD'), 'electronic, house, schlager'),
    (46,'Ciao ciao bella', to_date('2008-06-06','YYYY-MM-DD'), 'electronic, house, schlager'),
    (47,'Romeo', to_date('2008-06-06','YYYY-MM-DD'), 'electronic, house, schlager'),
    (49,'Der Abend wird gut', to_date('2019-08-30','YYYY-MM-DD'), 'electronic, house, schlager'),
    (50,'Brich das Eis', to_date('2019-08-30','YYYY-MM-DD'), 'electronic, house, schlager'),
    (51,'Krass superschön', to_date('2019-08-30','YYYY-MM-DD'), 'electronic, house, schlager'),
    (52,'Rastafari', to_date('2019-08-30','YYYY-MM-DD'), 'electronic, house, schlager'),
    (53,'Denn sie wollen den Nektar', to_date('2019-08-30','YYYY-MM-DD'), 'electronic, house, schlager'),
    (54,'Schwimm nicht so weit', to_date('2019-08-30','YYYY-MM-DD'), 'electronic, house, schlager'),
    (55,'Lass mich los', to_date('2019-08-30','YYYY-MM-DD'), 'electronic, house, schlager'),
    (56,'Ich will verreisen', to_date('2019-08-30','YYYY-MM-DD'), 'electronic, house, schlager'),
    (57,'Hey Joshua', to_date('2019-08-30','YYYY-MM-DD'), 'electronic, house, schlager'),
    (58,'Teeny', to_date('2019-08-30','YYYY-MM-DD'), 'electronic, house, schlager'),
    (59,'Jetzt Hammwas', to_date('2019-08-30','YYYY-MM-DD'), 'electronic, house, schlager'),
    (61,'Bad', to_date('1987-08-25','YYYY-MM-DD'),'pop, dance-pop, disco, electronic'),
    (62,'The way you make me feel', to_date('1987-08-25','YYYY-MM-DD'),'pop, dance-pop, disco, electronic'),
    (63,'Speed Demon', to_date('1987-08-25','YYYY-MM-DD'),'pop, dance-pop, pop-rock'),
    (64,'Liberian Girl', to_date('1987-08-25','YYYY-MM-DD'),'pop, dance-pop, disco, dance-pop'),
    (65,'Just Good Friends', to_date('1987-08-25','YYYY-MM-DD'),'pop, dance-pop, disco'),
    (66,'Another Part of Me', to_date('1987-08-25','YYYY-MM-DD'),'pop, dance-pop, disco, electronic'),
    (67,'Man in the Mirror', to_date('1987-08-25','YYYY-MM-DD'),'pop, pop-soul, disco'),
    (68,'I Just Can´t Stop Loving You', to_date('1987-08-25','YYYY-MM-DD'),'pop, pop-soul, funk'),
    (69,'Dirty Diana', to_date('1987-08-25','YYYY-MM-DD'),'pop, dance-pop, disco'),
    (70,'Smooth Criminal', to_date('1987-08-25','YYYY-MM-DD'),'pop, dance-pop, funk, synth'),
    (71,'Leave Me Alone', to_date('1987-08-25','YYYY-MM-DD'),'pop, dance-pop, disco'),
    (73,'Wanna Be Startin´ Somethin´', to_date('1982-11-30','YYYY-MM-DD'),'pop, disco, hip hop'),
    (74,'Baby Be Mine', to_date('1982-11-30','YYYY-MM-DD'),'pop, disco, pop-soul'),
    (75,'The Girl is Mine', to_date('1982-11-30','YYYY-MM-DD'),'pop, dance-pop, disco'),
    (76,'Thriller', to_date('1982-11-30','YYYY-MM-DD'),'pop, disco, dance-pop'),
    (77,'Beat It', to_date('1982-11-30','YYYY-MM-DD'),'pop, disco, dance-pop'),
    (78,'Billie Jean', to_date('1982-11-30','YYYY-MM-DD'),'pop, disco, dance-pop'),
    (79,'Human Nature', to_date('1982-11-30','YYYY-MM-DD'),'pop, disco, pop-soul'),
    (80,'P.Y.T. (Pretty Young Thing)', to_date('1982-11-30','YYYY-MM-DD'),'pop, disco, pop-soul'),
    (81,'The Lady in My Life', to_date('1982-11-30','YYYY-MM-DD'),'pop, pop-soul, r&b'),
    (85,'Come Together', to_date('1969-09-26','YYYY-MM-DD'),'rock, pop rock, classic rock'),
    (86,'Something', to_date('1969-09-26','YYYY-MM-DD'),'rock, pop rock, classic rock'),
    (87,'Maxwell´s Silver Hammer', to_date('1969-09-26','YYYY-MM-DD'),'rock, pop, hard rock'),
    (88,'Oh! Darling', to_date('1969-09-26','YYYY-MM-DD'),'rock, pop, pop rock'),
    (89,'Octopus´s Garden', to_date('1969-09-26','YYYY-MM-DD'),'rock, pop rock, pop'),
    (90,'I Want You (She´s So Heavy)', to_date('1969-09-26','YYYY-MM-DD'),'rock, pop, classic rock'),
    (91,'Here Comes the Sun', to_date('1969-09-26','YYYY-MM-DD'),'rock, pop rock, pop'),
    (92,'Because', to_date('1969-09-26','YYYY-MM-DD'),'rock, pop rock, classic rock'),
    (93,'You Never Give Me Your Money', to_date('1969-09-26','YYYY-MM-DD'),'rock, pop, classic rock'),
    (94,'Sun King', to_date('1969-09-26','YYYY-MM-DD'),'rock, pop, classic rock'),
    (95,'Mean Mr Mustard', to_date('1969-09-26','YYYY-MM-DD'),'rock, pop, classic rock'),
    (96,'Polythene Pam', to_date('1969-09-26','YYYY-MM-DD'),'rock, pop, classic rock'),
    (97,'She Came In Through the Bathroom Window', to_date('1969-09-26','YYYY-MM-DD'),'rock, pop, classic rock'),
    (98,'Golden Slumber', to_date('1969-09-26','YYYY-MM-DD'),'rock, pop, classic rock'),
    (99,'Carry That Weight', to_date('1969-09-26','YYYY-MM-DD'),'rock, pop, classic rock'),
    (100,'The End', to_date('1969-09-26','YYYY-MM-DD'),'rock, pop, classic rock'),
    (101,'Her Majesty', to_date('1969-09-26','YYYY-MM-DD'),'rock, pop, pop rock'),
    (103,'Taxman', to_date('1966-08-05','YYYY-MM-DD'),'rock, pop, pop rock'),
    (104,'Eleanor Rigby', to_date('1966-08-05','YYYY-MM-DD'),'rock, pop, pop rock'),
    (105,'I´m Only Sleeping', to_date('1966-08-05','YYYY-MM-DD'),'rock, pop, pop rock'),
    (106,'Love You To', to_date('1966-08-05','YYYY-MM-DD'),'rock, pop, classic rock'),
    (107,'Here, There and Everywhere', to_date('1966-08-05','YYYY-MM-DD'),'rock, pop, classic rock'),
    (108,'Yellow Submarine', to_date('1966-08-05','YYYY-MM-DD'),'rock, pop, classic rock'),
    (109,'She Said She Said', to_date('1966-08-05','YYYY-MM-DD'),'rock, classical rock, beat music'),
    (110,'Good Day Sunshine', to_date('1966-08-05','YYYY-MM-DD'),'rock, pop, pop rock'),
    (111,'And Your Bird Can Sing', to_date('1966-08-05','YYYY-MM-DD'),'rock, classic rock, beat music'),
    (112,'For No One', to_date('1966-08-05','YYYY-MM-DD'),'rock, pop, classic rock'),
    (113,'Doctor Robert', to_date('1966-08-05','YYYY-MM-DD'),'rock, pop, classic rock'),
    (114,'I Want to Tell You', to_date('1966-08-05','YYYY-MM-DD'),'rock, pop, classic rock'),
    (115,'Got to Get You Into My Life', to_date('1966-08-05','YYYY-MM-DD'),'rock, pop, classic rock'),
    (116,'Tomorrow Never Knows', to_date('1966-08-05','YYYY-MM-DD'),'rock, pop, beat music');



--idx resets for every song, if adding a second artist to a song increment idx
--each row of statements corresponds to an artist
INSERT INTO song_artist (artists_id, song_id)
VALUES (1,1),(1,2),(1,3),(1,4),(1,5),(1,6),(1,7),(1,8),(1,9),(1,10),(1,11),(1,12),(1,14),(1,15),(1,16),(1,17),(1,18),(1,19),(1,20),(1,21),(1,22),(1,23),(1,24),
       (2,26),(2,27),(2,28),(2,29),(2,30),(2,31),(2,32),(2,33),(2,34),
       (3,36),(3,37),(3,38),(3,39),(3,40),(3,41),(3,42),(3,43),(3,44),(3,45),(3,46),(3,47),(3,49),(3,50),(3,51),(3,52),(3,53),(3,54),(3,55),(3,56),(3,57),(3,58),(3,59),
       (4,61),(4,62),(4,63),(4,64),(4,65),(4,66),(4,67),(4,68),(4,69),(4,70),(4,71),(4,73),(4,74),(4,75),(4,76),(4,77),(4,78),(4,79),(4,80),(4,81),
       (5,85),(5,86),(5,87),(5,88),(5,89),(5,90),(5,91),(5,92),(5,93),(5,94),(5,95),(5,96),(5,97),(5,98),(5,99),(5,100),(5,101),(5,103),(5,104),(5,105),(5,106),(5,107),(5,108),(5,109),(5,110),(5,111),(5,112),(5,113),(5,114),(5,115),(5,116);


INSERT INTO album (id, title, releasedate, "label", albumId)
VALUES (118, 'Seeed', to_date('2012-09-28','YYYY-MM-DD'), 'Downbeat, Warner Music Group Germany', 'c7ed191a-fba8-475a-9501-dfbd6974bb85'),
       (119, 'BAM BAM', to_date('2019-11-04','YYYY-MM-DD'), 'Downbeat, Warner Music Group Germany', '7b29b8e3-8fb2-42e7-ae35-fe470c05ae6d'),
       (120, '24K Magic', to_date('2016-11-18','YYYY-MM-DD'), 'Atlantic', 'cd9fce91-e2e7-4aee-8bf5-2a804e753ead'),
       (121, 'Electrolore', to_date('2008-06-06','YYYY-MM-DD'), 'Kontor Records', 'eca1df6d-1884-4f39-bd3f-5aa3dc215559'),
       (122, 'Pharao', to_date('2019-08-30','YYYY-MM-DD'), 'Kontor Records', 'd0206eca-8a66-4b5c-9b2d-8dc27c311033'),
       (123, 'Bad', to_date('1987-08-25','YYYY-MM-DD'), 'Epic', '6bc380b3-fbe3-45aa-836b-c1445e6e1b72'),
       (124, 'Thriller', to_date('1983-06-06','YYYY-MM-DD'), 'Epic', '70a8f1b0-835b-4f05-a9ec-821485152ada'),
       (125, 'Abbey Road', to_date('1969-09-26','YYYY-MM-DD'), 'Apple Records', '0a1ca3e0-ee40-4bd4-8968-f3ead2091bcf'),
       (126, 'Revolver', to_date('1966-08-05','YYYY-MM-DD'), 'Parlophone', 'd01c18c3-3fd4-4a8b-bce2-e5708828cc79');

INSERT INTO song_album (inalbum_id, song_id)
VALUES (118,1),(118,2),(118,3),(118,4),(118,5),(118,6),(118,7),(118,8),(118,9),(118,10),(118,11),(118,12),
       (119,14),(119,15),(119,16),(119,17),(119,18),(119,19),(119,20),(119,21),(119,22),(119,23),(119,24),
       (120,26),(120,27),(120,28),(120,29),(120,30),(120,31),(120,32),(120,33),(120,34),
       (121,36),(121,37),(121,38),(121,39),(121,40),(121,41),(121,42),(121,43),(121,44),(121,45),(121,46),(121,47),
       (122,49),(122,50),(122,51),(122,52),(122,53),(122,54),(122,55),(122,56),(122,57),(122,58),(122,59),
       (123,61),(123,62),(123,63),(123,64),(123,65),(123,66),(123,67),(123,68),(123,69),(123,70),(123,71),
       (124,73),(124,74),(124,75),(124,76),(124,77),(124,78),(124,79),(124,80),(124,81),
       (125,85),(125,86),(125,87),(125,88),(125,89),(125,90),(125,91),(125,92),(125,93),(125,94),(125,95),(125,96),(125,97),(125,98),(125,99),(125,100),(125,101),
       (126,103),(126,104),(126,105),(126,106),(126,107),(126,108),(126,109),(126,110),(126,111),(126,112),(126,113),(126,114),(126,115),(126,116);